"missing_rate","missing_percent","replication","model","realised_training_missing_fraction","training_rows","rmse","mae","coverage_95"
0,0,1,"Unrestricted VAR",0,8700,4.15854753779602,2.99983243361146,NA
0,0,1,"Bayesian Gaussian GNAR",0,8700,3.83329490841122,2.70903337160706,0.924774774774775
0,0,2,"Unrestricted VAR",0,8700,4.15854753779602,2.99983243361146,NA
0,0,2,"Bayesian Gaussian GNAR",0,8700,3.8330774776516,2.70944301458547,0.926576576576577
0,0,3,"Unrestricted VAR",0,8700,4.15854753779602,2.99983243361146,NA
0,0,3,"Bayesian Gaussian GNAR",0,8700,3.83284008754648,2.70964411626528,0.926126126126126
0,0,4,"Unrestricted VAR",0,8700,4.15854753779602,2.99983243361146,NA
0,0,4,"Bayesian Gaussian GNAR",0,8700,3.8333180453265,2.70943059062927,0.925225225225225
0,0,5,"Unrestricted VAR",0,8700,4.15854753779602,2.99983243361146,NA
0,0,5,"Bayesian Gaussian GNAR",0,8700,3.83285658523374,2.70942526895071,0.926576576576577
0,0,6,"Unrestricted VAR",0,8700,4.15854753779602,2.99983243361146,NA
0,0,6,"Bayesian Gaussian GNAR",0,8700,3.83339369668871,2.70935131379775,0.922972972972973
0,0,7,"Unrestricted VAR",0,8700,4.15854753779602,2.99983243361146,NA
0,0,7,"Bayesian Gaussian GNAR",0,8700,3.83325675287586,2.70922426518672,0.923873873873874
0,0,8,"Unrestricted VAR",0,8700,4.15854753779602,2.99983243361146,NA
0,0,8,"Bayesian Gaussian GNAR",0,8700,3.83276144980028,2.70944206911651,0.926576576576577
0,0,9,"Unrestricted VAR",0,8700,4.15854753779602,2.99983243361146,NA
0,0,9,"Bayesian Gaussian GNAR",0,8700,3.83307119438147,2.7096618741029,0.923423423423423
0,0,10,"Unrestricted VAR",0,8700,4.15854753779602,2.99983243361146,NA
0,0,10,"Bayesian Gaussian GNAR",0,8700,3.83320134300477,2.70934785246378,0.924774774774775
0.1,10,1,"Unrestricted VAR",0.0971461187214612,6415,4.19252802981688,2.98610758336735,NA
0.1,10,1,"Bayesian Gaussian GNAR",0.0971461187214612,6415,3.84593612770592,2.7158176533801,0.922522522522523
0.1,10,2,"Unrestricted VAR",0.0939497716894977,6459,4.20545070221964,2.97094939357796,NA
0.1,10,2,"Bayesian Gaussian GNAR",0.0939497716894977,6459,3.83384450821774,2.71176887870939,0.926126126126126
0.1,10,3,"Unrestricted VAR",0.0976027397260274,6364,3.92418586914413,2.83211969410449,NA
0.1,10,3,"Bayesian Gaussian GNAR",0.0976027397260274,6364,3.83040926291275,2.71026785669666,0.922522522522523
0.1,10,4,"Unrestricted VAR",0.0994292237442922,6332,3.99554361206987,2.82543509023439,NA
0.1,10,4,"Bayesian Gaussian GNAR",0.0994292237442922,6332,3.82617543586796,2.70929905468318,0.920720720720721
0.1,10,5,"Unrestricted VAR",0.0920091324200913,6509,4.27775561856814,3.05896940469948,NA
0.1,10,5,"Bayesian Gaussian GNAR",0.0920091324200913,6509,3.8425376558959,2.70818524812649,0.918918918918919
0.1,10,6,"Unrestricted VAR",0.103196347031963,6269,3.92048930983516,2.80426984298788,NA
0.1,10,6,"Bayesian Gaussian GNAR",0.103196347031963,6269,3.84104022744072,2.70830832404247,0.922072072072072
0.1,10,7,"Unrestricted VAR",0.0969178082191781,6410,3.93357929465808,2.8649887226841,NA
0.1,10,7,"Bayesian Gaussian GNAR",0.0969178082191781,6410,3.83583778778069,2.70978866804302,0.918468468468468
0.1,10,8,"Unrestricted VAR",0.102283105022831,6292,3.9764837562387,2.85431027119946,NA
0.1,10,8,"Bayesian Gaussian GNAR",0.102283105022831,6292,3.83758178915083,2.70702431252012,0.922522522522523
0.1,10,9,"Unrestricted VAR",0.100114155251142,6323,3.87834621593321,2.78158157607311,NA
0.1,10,9,"Bayesian Gaussian GNAR",0.100114155251142,6323,3.82726957071067,2.70953910982558,0.920720720720721
0.1,10,10,"Unrestricted VAR",0.102853881278539,6256,3.83343970113508,2.73326133013498,NA
0.1,10,10,"Bayesian Gaussian GNAR",0.102853881278539,6256,3.83283868197034,2.70708187159932,0.922522522522523
0.2,20,1,"Unrestricted VAR",0.196917808219178,4522,3.85145569761129,2.74360445958198,NA
0.2,20,1,"Bayesian Gaussian GNAR",0.196917808219178,4522,3.83871678932674,2.70750188280612,0.925225225225225
0.2,20,2,"Unrestricted VAR",0.199086757990868,4441,4.0867362289322,2.8924460806749,NA
0.2,20,2,"Bayesian Gaussian GNAR",0.199086757990868,4441,3.82866614771532,2.71521114392467,0.927027027027027
0.2,20,3,"Unrestricted VAR",0.196917808219178,4497,3.79368912443813,2.72549936869808,NA
0.2,20,3,"Bayesian Gaussian GNAR",0.196917808219178,4497,3.83011943877643,2.70989245324093,0.922972972972973
0.2,20,4,"Unrestricted VAR",0.19486301369863,4488,3.76978749194574,2.72174425566664,NA
0.2,20,4,"Bayesian Gaussian GNAR",0.19486301369863,4488,3.84057010281578,2.70108891936768,0.913513513513514
0.2,20,5,"Unrestricted VAR",0.202283105022831,4364,3.8853835264381,2.81861284893251,NA
0.2,20,5,"Bayesian Gaussian GNAR",0.202283105022831,4364,3.82732499492634,2.70636979934963,0.917117117117117
0.2,20,6,"Unrestricted VAR",0.192351598173516,4555,4.06123289226869,2.84542998205024,NA
0.2,20,6,"Bayesian Gaussian GNAR",0.192351598173516,4555,3.82729174561642,2.71199975831732,0.929279279279279
0.2,20,7,"Unrestricted VAR",0.197146118721461,4497,3.91557556895497,2.78837845148292,NA
0.2,20,7,"Bayesian Gaussian GNAR",0.197146118721461,4497,3.84227544579657,2.71562064953592,0.923873873873874
0.2,20,8,"Unrestricted VAR",0.19703196347032,4526,3.93366144091531,2.83688310978597,NA
0.2,20,8,"Bayesian Gaussian GNAR",0.19703196347032,4526,3.82461159936246,2.71110451936977,0.925225225225225
0.2,20,9,"Unrestricted VAR",0.198401826484018,4497,3.90003580325071,2.79554188512287,NA
0.2,20,9,"Bayesian Gaussian GNAR",0.198401826484018,4497,3.82827718459148,2.71247944196037,0.926576576576577
0.2,20,10,"Unrestricted VAR",0.203995433789954,4363,3.83393887452102,2.74903023143607,NA
0.2,20,10,"Bayesian Gaussian GNAR",0.203995433789954,4363,3.84975427215408,2.70793184362035,0.927927927927928
0.3,30,1,"Unrestricted VAR",0.296689497716895,3029,4.29960049257338,3.050897946226,NA
0.3,30,1,"Bayesian Gaussian GNAR",0.296689497716895,3029,3.83135920783227,2.71215361232841,0.92027027027027
0.3,30,2,"Unrestricted VAR",0.288584474885845,3125,3.93913923383721,2.79724005477587,NA
0.3,30,2,"Bayesian Gaussian GNAR",0.288584474885845,3125,3.86799575745761,2.71591646899499,0.920720720720721
0.3,30,3,"Unrestricted VAR",0.29703196347032,3008,4.05749948315638,2.88491653730913,NA
0.3,30,3,"Bayesian Gaussian GNAR",0.29703196347032,3008,3.83588803787005,2.71111009501331,0.914414414414414
0.3,30,4,"Unrestricted VAR",0.299315068493151,2958,4.02893786085462,2.86621255890008,NA
0.3,30,4,"Bayesian Gaussian GNAR",0.299315068493151,2958,3.85672776490993,2.7053303093792,0.920720720720721
0.3,30,5,"Unrestricted VAR",0.290182648401827,3066,4.13982715695827,3.00628361954642,NA
0.3,30,5,"Bayesian Gaussian GNAR",0.290182648401827,3066,3.82161294051014,2.72036194833861,0.927477477477477
0.3,30,6,"Unrestricted VAR",0.297716894977169,2999,4.03561747206028,2.91515942287396,NA
0.3,30,6,"Bayesian Gaussian GNAR",0.297716894977169,2999,3.83378454853177,2.71538738118208,0.931981981981982
0.3,30,7,"Unrestricted VAR",0.307648401826484,2861,3.96853386931444,2.87820362990166,NA
0.3,30,7,"Bayesian Gaussian GNAR",0.307648401826484,2861,3.85220737824191,2.72410648238612,0.932432432432432
0.3,30,8,"Unrestricted VAR",0.302625570776256,2916,3.7179137316404,2.68996615228198,NA
0.3,30,8,"Bayesian Gaussian GNAR",0.302625570776256,2916,3.83887535251349,2.71486954700594,0.921621621621622
0.3,30,9,"Unrestricted VAR",0.294063926940639,3045,4.01452658347532,2.86004581166558,NA
0.3,30,9,"Bayesian Gaussian GNAR",0.294063926940639,3045,3.83561896355424,2.71187851055183,0.926126126126126
0.3,30,10,"Unrestricted VAR",0.296461187214612,2968,4.17017971578699,2.88990398965825,NA
0.3,30,10,"Bayesian Gaussian GNAR",0.296461187214612,2968,3.82317159646747,2.72161314235059,0.928378378378378
0.4,40,1,"Unrestricted VAR",0.403196347031963,1853,3.96545932915024,2.87603696139369,NA
0.4,40,1,"Bayesian Gaussian GNAR",0.403196347031963,1853,3.85760726398336,2.7069345438088,0.918918918918919
0.4,40,2,"Unrestricted VAR",0.398287671232877,1872,3.97008026142068,2.84324628199227,NA
0.4,40,2,"Bayesian Gaussian GNAR",0.398287671232877,1872,3.84278138129806,2.71989545119017,0.928378378378378
0.4,40,3,"Unrestricted VAR",0.39783105022831,1825,3.96414282517548,2.8448834167601,NA
0.4,40,3,"Bayesian Gaussian GNAR",0.39783105022831,1825,3.85002016072166,2.7186275554198,0.926576576576577
0.4,40,4,"Unrestricted VAR",0.389954337899543,1952,3.89994568658262,2.78040896312789,NA
0.4,40,4,"Bayesian Gaussian GNAR",0.389954337899543,1952,3.81695590115969,2.73202959448486,0.926576576576577
0.4,40,5,"Unrestricted VAR",0.399315068493151,1921,4.04550950716623,2.87138260174187,NA
0.4,40,5,"Bayesian Gaussian GNAR",0.399315068493151,1921,3.83267147098077,2.72180347306509,0.922072072072072
0.4,40,6,"Unrestricted VAR",0.396004566210046,1956,4.00449661926019,2.84495588670781,NA
0.4,40,6,"Bayesian Gaussian GNAR",0.396004566210046,1956,3.83219924998627,2.71933541156436,0.918918918918919
0.4,40,7,"Unrestricted VAR",0.397716894977169,1923,4.12028925266788,2.96593723363404,NA
0.4,40,7,"Bayesian Gaussian GNAR",0.397716894977169,1923,3.87010518066035,2.70677817145587,0.917117117117117
0.4,40,8,"Unrestricted VAR",0.405365296803653,1824,3.91609220536951,2.86810206131796,NA
0.4,40,8,"Bayesian Gaussian GNAR",0.405365296803653,1824,3.84686656969633,2.72069800301371,0.931531531531532
0.4,40,9,"Unrestricted VAR",0.393949771689498,1985,4.09583325213682,2.98521289370833,NA
0.4,40,9,"Bayesian Gaussian GNAR",0.393949771689498,1985,3.8329256175027,2.71688940187361,0.925225225225225
0.4,40,10,"Unrestricted VAR",0.386643835616438,2001,4.0822159486027,2.87849425947366,NA
0.4,40,10,"Bayesian Gaussian GNAR",0.386643835616438,2001,3.83387313373181,2.72558697858612,0.932882882882883
0.5,50,1,"Unrestricted VAR",0.491666666666667,1147,4.14059728672475,2.99474545945525,NA
0.5,50,1,"Bayesian Gaussian GNAR",0.491666666666667,1147,3.87648105743103,2.71463985633323,0.918468468468468
0.5,50,2,"Unrestricted VAR",0.498972602739726,1056,4.01189251225233,2.87181183135327,NA
0.5,50,2,"Bayesian Gaussian GNAR",0.498972602739726,1056,3.89393668512835,2.72918540038728,0.920720720720721
0.5,50,3,"Unrestricted VAR",0.493036529680365,1168,3.85055166927703,2.78677421661602,NA
0.5,50,3,"Bayesian Gaussian GNAR",0.493036529680365,1168,3.84969491555585,2.70717525957017,0.912162162162162
0.5,50,4,"Unrestricted VAR",0.497260273972603,1054,4.24139322328198,3.06086697458132,NA
0.5,50,4,"Bayesian Gaussian GNAR",0.497260273972603,1054,3.86326054179397,2.72830677055505,0.92027027027027
0.5,50,5,"Unrestricted VAR",0.491438356164384,1157,3.98723074023642,2.86443481542052,NA
0.5,50,5,"Bayesian Gaussian GNAR",0.491438356164384,1157,3.87063045246539,2.70759941591524,0.92027027027027
0.5,50,6,"Unrestricted VAR",0.508904109589041,1023,4.13240368775848,2.9286464388084,NA
0.5,50,6,"Bayesian Gaussian GNAR",0.508904109589041,1023,3.8486349908025,2.70711244500956,0.914414414414414
0.5,50,7,"Unrestricted VAR",0.491780821917808,1095,3.90475884214481,2.8406640116761,NA
0.5,50,7,"Bayesian Gaussian GNAR",0.491780821917808,1095,3.94404561755995,2.74193337598921,0.917117117117117
0.5,50,8,"Unrestricted VAR",0.488127853881279,1113,4.04400568997389,2.89211136365867,NA
0.5,50,8,"Bayesian Gaussian GNAR",0.488127853881279,1113,3.8255763431445,2.71760469590851,0.932882882882883
0.5,50,9,"Unrestricted VAR",0.49486301369863,1147,4.05999917794003,2.92483068618026,NA
0.5,50,9,"Bayesian Gaussian GNAR",0.49486301369863,1147,3.89842561369101,2.74533843335943,0.917567567567568
0.5,50,10,"Unrestricted VAR",0.506849315068493,1042,4.00935243648223,2.89225841853879,NA
0.5,50,10,"Bayesian Gaussian GNAR",0.506849315068493,1042,3.86691939928926,2.71330151814972,0.92972972972973
0.6,60,1,"Unrestricted VAR",0.586073059360731,594,3.9734015296116,2.83019207729741,NA
0.6,60,1,"Bayesian Gaussian GNAR",0.586073059360731,594,3.83310668847078,2.71716215077179,0.899099099099099
0.6,60,2,"Unrestricted VAR",0.595319634703196,576,4.11788990401907,2.93446871058896,NA
0.6,60,2,"Bayesian Gaussian GNAR",0.595319634703196,576,3.9027883732681,2.71566688903126,0.913963963963964
0.6,60,3,"Unrestricted VAR",0.60216894977169,504,4.10421251035377,2.91904943872262,NA
0.6,60,3,"Bayesian Gaussian GNAR",0.60216894977169,504,3.82297060894031,2.75654886257618,0.942792792792793
0.6,60,4,"Unrestricted VAR",0.592922374429224,538,4.19168613222468,3.01739146491025,NA
0.6,60,4,"Bayesian Gaussian GNAR",0.592922374429224,538,3.85690770251049,2.7197678450506,0.927927927927928
0.6,60,5,"Unrestricted VAR",0.600799086757991,542,4.0182965259886,2.87766602509027,NA
0.6,60,5,"Bayesian Gaussian GNAR",0.600799086757991,542,3.88747598881771,2.73208281218199,0.933333333333333
0.6,60,6,"Unrestricted VAR",0.599315068493151,509,4.16068569109271,3.0181206633658,NA
0.6,60,6,"Bayesian Gaussian GNAR",0.599315068493151,509,3.86302669252189,2.76130180392014,0.916216216216216
0.6,60,7,"Unrestricted VAR",0.594520547945205,578,3.98159567205384,2.86843087316506,NA
0.6,60,7,"Bayesian Gaussian GNAR",0.594520547945205,578,3.87734961293905,2.71754755118951,0.897297297297297
0.6,60,8,"Unrestricted VAR",0.604908675799087,517,4.05859528397175,2.89527693229477,NA
0.6,60,8,"Bayesian Gaussian GNAR",0.604908675799087,517,3.97855972034574,2.72915548542297,0.913963963963964
0.6,60,9,"Unrestricted VAR",0.58972602739726,610,3.86027874323462,2.75090702963325,NA
0.6,60,9,"Bayesian Gaussian GNAR",0.58972602739726,610,3.827474239541,2.72227628848709,0.937837837837838
0.6,60,10,"Unrestricted VAR",0.588698630136986,585,4.04496653584818,2.88731399386345,NA
0.6,60,10,"Bayesian Gaussian GNAR",0.588698630136986,585,3.8579412269525,2.72744191308489,0.905405405405405
