"","EB","IMGM","PRES","BIRR","BLC2","BOTR","GHSR","LEAM","NPT3","REA1","SOUT","WREX","LEAR","PLYM","SHDG","SHE","BEL2","GLKP","LECU","SUN2","TRAN","STOK","BEX","SEND","HUL2","PEMB","WFEN","OSY","ACTH","COPP"
"EB",0,0.0344827586206897,0.0344827586206897,0.0344827586206897,0.0344827586206897,0.0344827586206897,0.0344827586206897,0.0344827586206897,0.0344827586206897,0.0344827586206897,0.0344827586206897,0.0344827586206897,0.0344827586206897,0.0344827586206897,0.0344827586206897,0.0344827586206897,0.0344827586206897,0.0344827586206897,0.0344827586206897,0.0344827586206897,0.0344827586206897,0.0344827586206897,0.0344827586206897,0.0344827586206897,0.0344827586206897,0.0344827586206897,0.0344827586206897,0.0344827586206897,0.0344827586206897,0.0344827586206897
"IMGM",0.0344827586206897,0,0.0344827586206897,0.0344827586206897,0.0344827586206897,0.0344827586206897,0.0344827586206897,0.0344827586206897,0.0344827586206897,0.0344827586206897,0.0344827586206897,0.0344827586206897,0.0344827586206897,0.0344827586206897,0.0344827586206897,0.0344827586206897,0.0344827586206897,0.0344827586206897,0.0344827586206897,0.0344827586206897,0.0344827586206897,0.0344827586206897,0.0344827586206897,0.0344827586206897,0.0344827586206897,0.0344827586206897,0.0344827586206897,0.0344827586206897,0.0344827586206897,0.0344827586206897
"PRES",0.0344827586206897,0.0344827586206897,0,0.0344827586206897,0.0344827586206897,0.0344827586206897,0.0344827586206897,0.0344827586206897,0.0344827586206897,0.0344827586206897,0.0344827586206897,0.0344827586206897,0.0344827586206897,0.0344827586206897,0.0344827586206897,0.0344827586206897,0.0344827586206897,0.0344827586206897,0.0344827586206897,0.0344827586206897,0.0344827586206897,0.0344827586206897,0.0344827586206897,0.0344827586206897,0.0344827586206897,0.0344827586206897,0.0344827586206897,0.0344827586206897,0.0344827586206897,0.0344827586206897
"BIRR",0.0344827586206897,0.0344827586206897,0.0344827586206897,0,0.0344827586206897,0.0344827586206897,0.0344827586206897,0.0344827586206897,0.0344827586206897,0.0344827586206897,0.0344827586206897,0.0344827586206897,0.0344827586206897,0.0344827586206897,0.0344827586206897,0.0344827586206897,0.0344827586206897,0.0344827586206897,0.0344827586206897,0.0344827586206897,0.0344827586206897,0.0344827586206897,0.0344827586206897,0.0344827586206897,0.0344827586206897,0.0344827586206897,0.0344827586206897,0.0344827586206897,0.0344827586206897,0.0344827586206897
"BLC2",0.0344827586206897,0.0344827586206897,0.0344827586206897,0.0344827586206897,0,0.0344827586206897,0.0344827586206897,0.0344827586206897,0.0344827586206897,0.0344827586206897,0.0344827586206897,0.0344827586206897,0.0344827586206897,0.0344827586206897,0.0344827586206897,0.0344827586206897,0.0344827586206897,0.0344827586206897,0.0344827586206897,0.0344827586206897,0.0344827586206897,0.0344827586206897,0.0344827586206897,0.0344827586206897,0.0344827586206897,0.0344827586206897,0.0344827586206897,0.0344827586206897,0.0344827586206897,0.0344827586206897
"BOTR",0.0344827586206897,0.0344827586206897,0.0344827586206897,0.0344827586206897,0.0344827586206897,0,0.0344827586206897,0.0344827586206897,0.0344827586206897,0.0344827586206897,0.0344827586206897,0.0344827586206897,0.0344827586206897,0.0344827586206897,0.0344827586206897,0.0344827586206897,0.0344827586206897,0.0344827586206897,0.0344827586206897,0.0344827586206897,0.0344827586206897,0.0344827586206897,0.0344827586206897,0.0344827586206897,0.0344827586206897,0.0344827586206897,0.0344827586206897,0.0344827586206897,0.0344827586206897,0.0344827586206897
"GHSR",0.0344827586206897,0.0344827586206897,0.0344827586206897,0.0344827586206897,0.0344827586206897,0.0344827586206897,0,0.0344827586206897,0.0344827586206897,0.0344827586206897,0.0344827586206897,0.0344827586206897,0.0344827586206897,0.0344827586206897,0.0344827586206897,0.0344827586206897,0.0344827586206897,0.0344827586206897,0.0344827586206897,0.0344827586206897,0.0344827586206897,0.0344827586206897,0.0344827586206897,0.0344827586206897,0.0344827586206897,0.0344827586206897,0.0344827586206897,0.0344827586206897,0.0344827586206897,0.0344827586206897
"LEAM",0.0344827586206897,0.0344827586206897,0.0344827586206897,0.0344827586206897,0.0344827586206897,0.0344827586206897,0.0344827586206897,0,0.0344827586206897,0.0344827586206897,0.0344827586206897,0.0344827586206897,0.0344827586206897,0.0344827586206897,0.0344827586206897,0.0344827586206897,0.0344827586206897,0.0344827586206897,0.0344827586206897,0.0344827586206897,0.0344827586206897,0.0344827586206897,0.0344827586206897,0.0344827586206897,0.0344827586206897,0.0344827586206897,0.0344827586206897,0.0344827586206897,0.0344827586206897,0.0344827586206897
"NPT3",0.0344827586206897,0.0344827586206897,0.0344827586206897,0.0344827586206897,0.0344827586206897,0.0344827586206897,0.0344827586206897,0.0344827586206897,0,0.0344827586206897,0.0344827586206897,0.0344827586206897,0.0344827586206897,0.0344827586206897,0.0344827586206897,0.0344827586206897,0.0344827586206897,0.0344827586206897,0.0344827586206897,0.0344827586206897,0.0344827586206897,0.0344827586206897,0.0344827586206897,0.0344827586206897,0.0344827586206897,0.0344827586206897,0.0344827586206897,0.0344827586206897,0.0344827586206897,0.0344827586206897
"REA1",0.0344827586206897,0.0344827586206897,0.0344827586206897,0.0344827586206897,0.0344827586206897,0.0344827586206897,0.0344827586206897,0.0344827586206897,0.0344827586206897,0,0.0344827586206897,0.0344827586206897,0.0344827586206897,0.0344827586206897,0.0344827586206897,0.0344827586206897,0.0344827586206897,0.0344827586206897,0.0344827586206897,0.0344827586206897,0.0344827586206897,0.0344827586206897,0.0344827586206897,0.0344827586206897,0.0344827586206897,0.0344827586206897,0.0344827586206897,0.0344827586206897,0.0344827586206897,0.0344827586206897
"SOUT",0.0344827586206897,0.0344827586206897,0.0344827586206897,0.0344827586206897,0.0344827586206897,0.0344827586206897,0.0344827586206897,0.0344827586206897,0.0344827586206897,0.0344827586206897,0,0.0344827586206897,0.0344827586206897,0.0344827586206897,0.0344827586206897,0.0344827586206897,0.0344827586206897,0.0344827586206897,0.0344827586206897,0.0344827586206897,0.0344827586206897,0.0344827586206897,0.0344827586206897,0.0344827586206897,0.0344827586206897,0.0344827586206897,0.0344827586206897,0.0344827586206897,0.0344827586206897,0.0344827586206897
"WREX",0.0344827586206897,0.0344827586206897,0.0344827586206897,0.0344827586206897,0.0344827586206897,0.0344827586206897,0.0344827586206897,0.0344827586206897,0.0344827586206897,0.0344827586206897,0.0344827586206897,0,0.0344827586206897,0.0344827586206897,0.0344827586206897,0.0344827586206897,0.0344827586206897,0.0344827586206897,0.0344827586206897,0.0344827586206897,0.0344827586206897,0.0344827586206897,0.0344827586206897,0.0344827586206897,0.0344827586206897,0.0344827586206897,0.0344827586206897,0.0344827586206897,0.0344827586206897,0.0344827586206897
"LEAR",0.0344827586206897,0.0344827586206897,0.0344827586206897,0.0344827586206897,0.0344827586206897,0.0344827586206897,0.0344827586206897,0.0344827586206897,0.0344827586206897,0.0344827586206897,0.0344827586206897,0.0344827586206897,0,0.0344827586206897,0.0344827586206897,0.0344827586206897,0.0344827586206897,0.0344827586206897,0.0344827586206897,0.0344827586206897,0.0344827586206897,0.0344827586206897,0.0344827586206897,0.0344827586206897,0.0344827586206897,0.0344827586206897,0.0344827586206897,0.0344827586206897,0.0344827586206897,0.0344827586206897
"PLYM",0.0344827586206897,0.0344827586206897,0.0344827586206897,0.0344827586206897,0.0344827586206897,0.0344827586206897,0.0344827586206897,0.0344827586206897,0.0344827586206897,0.0344827586206897,0.0344827586206897,0.0344827586206897,0.0344827586206897,0,0.0344827586206897,0.0344827586206897,0.0344827586206897,0.0344827586206897,0.0344827586206897,0.0344827586206897,0.0344827586206897,0.0344827586206897,0.0344827586206897,0.0344827586206897,0.0344827586206897,0.0344827586206897,0.0344827586206897,0.0344827586206897,0.0344827586206897,0.0344827586206897
"SHDG",0.0344827586206897,0.0344827586206897,0.0344827586206897,0.0344827586206897,0.0344827586206897,0.0344827586206897,0.0344827586206897,0.0344827586206897,0.0344827586206897,0.0344827586206897,0.0344827586206897,0.0344827586206897,0.0344827586206897,0.0344827586206897,0,0.0344827586206897,0.0344827586206897,0.0344827586206897,0.0344827586206897,0.0344827586206897,0.0344827586206897,0.0344827586206897,0.0344827586206897,0.0344827586206897,0.0344827586206897,0.0344827586206897,0.0344827586206897,0.0344827586206897,0.0344827586206897,0.0344827586206897
"SHE",0.0344827586206897,0.0344827586206897,0.0344827586206897,0.0344827586206897,0.0344827586206897,0.0344827586206897,0.0344827586206897,0.0344827586206897,0.0344827586206897,0.0344827586206897,0.0344827586206897,0.0344827586206897,0.0344827586206897,0.0344827586206897,0.0344827586206897,0,0.0344827586206897,0.0344827586206897,0.0344827586206897,0.0344827586206897,0.0344827586206897,0.0344827586206897,0.0344827586206897,0.0344827586206897,0.0344827586206897,0.0344827586206897,0.0344827586206897,0.0344827586206897,0.0344827586206897,0.0344827586206897
"BEL2",0.0344827586206897,0.0344827586206897,0.0344827586206897,0.0344827586206897,0.0344827586206897,0.0344827586206897,0.0344827586206897,0.0344827586206897,0.0344827586206897,0.0344827586206897,0.0344827586206897,0.0344827586206897,0.0344827586206897,0.0344827586206897,0.0344827586206897,0.0344827586206897,0,0.0344827586206897,0.0344827586206897,0.0344827586206897,0.0344827586206897,0.0344827586206897,0.0344827586206897,0.0344827586206897,0.0344827586206897,0.0344827586206897,0.0344827586206897,0.0344827586206897,0.0344827586206897,0.0344827586206897
"GLKP",0.0344827586206897,0.0344827586206897,0.0344827586206897,0.0344827586206897,0.0344827586206897,0.0344827586206897,0.0344827586206897,0.0344827586206897,0.0344827586206897,0.0344827586206897,0.0344827586206897,0.0344827586206897,0.0344827586206897,0.0344827586206897,0.0344827586206897,0.0344827586206897,0.0344827586206897,0,0.0344827586206897,0.0344827586206897,0.0344827586206897,0.0344827586206897,0.0344827586206897,0.0344827586206897,0.0344827586206897,0.0344827586206897,0.0344827586206897,0.0344827586206897,0.0344827586206897,0.0344827586206897
"LECU",0.0344827586206897,0.0344827586206897,0.0344827586206897,0.0344827586206897,0.0344827586206897,0.0344827586206897,0.0344827586206897,0.0344827586206897,0.0344827586206897,0.0344827586206897,0.0344827586206897,0.0344827586206897,0.0344827586206897,0.0344827586206897,0.0344827586206897,0.0344827586206897,0.0344827586206897,0.0344827586206897,0,0.0344827586206897,0.0344827586206897,0.0344827586206897,0.0344827586206897,0.0344827586206897,0.0344827586206897,0.0344827586206897,0.0344827586206897,0.0344827586206897,0.0344827586206897,0.0344827586206897
"SUN2",0.0344827586206897,0.0344827586206897,0.0344827586206897,0.0344827586206897,0.0344827586206897,0.0344827586206897,0.0344827586206897,0.0344827586206897,0.0344827586206897,0.0344827586206897,0.0344827586206897,0.0344827586206897,0.0344827586206897,0.0344827586206897,0.0344827586206897,0.0344827586206897,0.0344827586206897,0.0344827586206897,0.0344827586206897,0,0.0344827586206897,0.0344827586206897,0.0344827586206897,0.0344827586206897,0.0344827586206897,0.0344827586206897,0.0344827586206897,0.0344827586206897,0.0344827586206897,0.0344827586206897
"TRAN",0.0344827586206897,0.0344827586206897,0.0344827586206897,0.0344827586206897,0.0344827586206897,0.0344827586206897,0.0344827586206897,0.0344827586206897,0.0344827586206897,0.0344827586206897,0.0344827586206897,0.0344827586206897,0.0344827586206897,0.0344827586206897,0.0344827586206897,0.0344827586206897,0.0344827586206897,0.0344827586206897,0.0344827586206897,0.0344827586206897,0,0.0344827586206897,0.0344827586206897,0.0344827586206897,0.0344827586206897,0.0344827586206897,0.0344827586206897,0.0344827586206897,0.0344827586206897,0.0344827586206897
"STOK",0.0344827586206897,0.0344827586206897,0.0344827586206897,0.0344827586206897,0.0344827586206897,0.0344827586206897,0.0344827586206897,0.0344827586206897,0.0344827586206897,0.0344827586206897,0.0344827586206897,0.0344827586206897,0.0344827586206897,0.0344827586206897,0.0344827586206897,0.0344827586206897,0.0344827586206897,0.0344827586206897,0.0344827586206897,0.0344827586206897,0.0344827586206897,0,0.0344827586206897,0.0344827586206897,0.0344827586206897,0.0344827586206897,0.0344827586206897,0.0344827586206897,0.0344827586206897,0.0344827586206897
"BEX",0.0344827586206897,0.0344827586206897,0.0344827586206897,0.0344827586206897,0.0344827586206897,0.0344827586206897,0.0344827586206897,0.0344827586206897,0.0344827586206897,0.0344827586206897,0.0344827586206897,0.0344827586206897,0.0344827586206897,0.0344827586206897,0.0344827586206897,0.0344827586206897,0.0344827586206897,0.0344827586206897,0.0344827586206897,0.0344827586206897,0.0344827586206897,0.0344827586206897,0,0.0344827586206897,0.0344827586206897,0.0344827586206897,0.0344827586206897,0.0344827586206897,0.0344827586206897,0.0344827586206897
"SEND",0.0344827586206897,0.0344827586206897,0.0344827586206897,0.0344827586206897,0.0344827586206897,0.0344827586206897,0.0344827586206897,0.0344827586206897,0.0344827586206897,0.0344827586206897,0.0344827586206897,0.0344827586206897,0.0344827586206897,0.0344827586206897,0.0344827586206897,0.0344827586206897,0.0344827586206897,0.0344827586206897,0.0344827586206897,0.0344827586206897,0.0344827586206897,0.0344827586206897,0.0344827586206897,0,0.0344827586206897,0.0344827586206897,0.0344827586206897,0.0344827586206897,0.0344827586206897,0.0344827586206897
"HUL2",0.0344827586206897,0.0344827586206897,0.0344827586206897,0.0344827586206897,0.0344827586206897,0.0344827586206897,0.0344827586206897,0.0344827586206897,0.0344827586206897,0.0344827586206897,0.0344827586206897,0.0344827586206897,0.0344827586206897,0.0344827586206897,0.0344827586206897,0.0344827586206897,0.0344827586206897,0.0344827586206897,0.0344827586206897,0.0344827586206897,0.0344827586206897,0.0344827586206897,0.0344827586206897,0.0344827586206897,0,0.0344827586206897,0.0344827586206897,0.0344827586206897,0.0344827586206897,0.0344827586206897
"PEMB",0.0344827586206897,0.0344827586206897,0.0344827586206897,0.0344827586206897,0.0344827586206897,0.0344827586206897,0.0344827586206897,0.0344827586206897,0.0344827586206897,0.0344827586206897,0.0344827586206897,0.0344827586206897,0.0344827586206897,0.0344827586206897,0.0344827586206897,0.0344827586206897,0.0344827586206897,0.0344827586206897,0.0344827586206897,0.0344827586206897,0.0344827586206897,0.0344827586206897,0.0344827586206897,0.0344827586206897,0.0344827586206897,0,0.0344827586206897,0.0344827586206897,0.0344827586206897,0.0344827586206897
"WFEN",0.0344827586206897,0.0344827586206897,0.0344827586206897,0.0344827586206897,0.0344827586206897,0.0344827586206897,0.0344827586206897,0.0344827586206897,0.0344827586206897,0.0344827586206897,0.0344827586206897,0.0344827586206897,0.0344827586206897,0.0344827586206897,0.0344827586206897,0.0344827586206897,0.0344827586206897,0.0344827586206897,0.0344827586206897,0.0344827586206897,0.0344827586206897,0.0344827586206897,0.0344827586206897,0.0344827586206897,0.0344827586206897,0.0344827586206897,0,0.0344827586206897,0.0344827586206897,0.0344827586206897
"OSY",0.0344827586206897,0.0344827586206897,0.0344827586206897,0.0344827586206897,0.0344827586206897,0.0344827586206897,0.0344827586206897,0.0344827586206897,0.0344827586206897,0.0344827586206897,0.0344827586206897,0.0344827586206897,0.0344827586206897,0.0344827586206897,0.0344827586206897,0.0344827586206897,0.0344827586206897,0.0344827586206897,0.0344827586206897,0.0344827586206897,0.0344827586206897,0.0344827586206897,0.0344827586206897,0.0344827586206897,0.0344827586206897,0.0344827586206897,0.0344827586206897,0,0.0344827586206897,0.0344827586206897
"ACTH",0.0344827586206897,0.0344827586206897,0.0344827586206897,0.0344827586206897,0.0344827586206897,0.0344827586206897,0.0344827586206897,0.0344827586206897,0.0344827586206897,0.0344827586206897,0.0344827586206897,0.0344827586206897,0.0344827586206897,0.0344827586206897,0.0344827586206897,0.0344827586206897,0.0344827586206897,0.0344827586206897,0.0344827586206897,0.0344827586206897,0.0344827586206897,0.0344827586206897,0.0344827586206897,0.0344827586206897,0.0344827586206897,0.0344827586206897,0.0344827586206897,0.0344827586206897,0,0.0344827586206897
"COPP",0.0344827586206897,0.0344827586206897,0.0344827586206897,0.0344827586206897,0.0344827586206897,0.0344827586206897,0.0344827586206897,0.0344827586206897,0.0344827586206897,0.0344827586206897,0.0344827586206897,0.0344827586206897,0.0344827586206897,0.0344827586206897,0.0344827586206897,0.0344827586206897,0.0344827586206897,0.0344827586206897,0.0344827586206897,0.0344827586206897,0.0344827586206897,0.0344827586206897,0.0344827586206897,0.0344827586206897,0.0344827586206897,0.0344827586206897,0.0344827586206897,0.0344827586206897,0.0344827586206897,0
