"missing_rate","missing_percent","replication","model","realised_training_missing_fraction","gnar_training_rows","rmse","mae","coverage_95"
0,0,1,"Persistence",0,8700,4.303623750133,3.04562712058473,NA
0,0,1,"Ridge VAR",0,8700,3.82131916979254,2.70694327289109,NA
0,0,1,"OLS GNAR",0,8700,3.83317864841647,2.70938858562425,NA
0,0,1,"Bayesian Gaussian GNAR",0,8700,3.83329490841122,2.70903337160706,0.925675675675676
0,0,2,"Persistence",0,8700,4.303623750133,3.04562712058473,NA
0,0,2,"Ridge VAR",0,8700,3.82131916979254,2.70694327289109,NA
0,0,2,"OLS GNAR",0,8700,3.83317864841647,2.70938858562425,NA
0,0,2,"Bayesian Gaussian GNAR",0,8700,3.8330774776516,2.70944301458547,0.927927927927928
0,0,3,"Persistence",0,8700,4.303623750133,3.04562712058473,NA
0,0,3,"Ridge VAR",0,8700,3.82131916979254,2.70694327289109,NA
0,0,3,"OLS GNAR",0,8700,3.83317864841647,2.70938858562425,NA
0,0,3,"Bayesian Gaussian GNAR",0,8700,3.83284008754648,2.70964411626528,0.924324324324324
0,0,4,"Persistence",0,8700,4.303623750133,3.04562712058473,NA
0,0,4,"Ridge VAR",0,8700,3.82131916979254,2.70694327289109,NA
0,0,4,"OLS GNAR",0,8700,3.83317864841647,2.70938858562425,NA
0,0,4,"Bayesian Gaussian GNAR",0,8700,3.8333180453265,2.70943059062927,0.923423423423423
0,0,5,"Persistence",0,8700,4.303623750133,3.04562712058473,NA
0,0,5,"Ridge VAR",0,8700,3.82131916979254,2.70694327289109,NA
0,0,5,"OLS GNAR",0,8700,3.83317864841647,2.70938858562425,NA
0,0,5,"Bayesian Gaussian GNAR",0,8700,3.83285658523374,2.70942526895071,0.920720720720721
0,0,6,"Persistence",0,8700,4.303623750133,3.04562712058473,NA
0,0,6,"Ridge VAR",0,8700,3.82131916979254,2.70694327289109,NA
0,0,6,"OLS GNAR",0,8700,3.83317864841647,2.70938858562425,NA
0,0,6,"Bayesian Gaussian GNAR",0,8700,3.83339369668871,2.70935131379775,0.925225225225225
0,0,7,"Persistence",0,8700,4.303623750133,3.04562712058473,NA
0,0,7,"Ridge VAR",0,8700,3.82131916979254,2.70694327289109,NA
0,0,7,"OLS GNAR",0,8700,3.83317864841647,2.70938858562425,NA
0,0,7,"Bayesian Gaussian GNAR",0,8700,3.83325675287586,2.70922426518672,0.923873873873874
0,0,8,"Persistence",0,8700,4.303623750133,3.04562712058473,NA
0,0,8,"Ridge VAR",0,8700,3.82131916979254,2.70694327289109,NA
0,0,8,"OLS GNAR",0,8700,3.83317864841647,2.70938858562425,NA
0,0,8,"Bayesian Gaussian GNAR",0,8700,3.83276144980028,2.70944206911651,0.922972972972973
0,0,9,"Persistence",0,8700,4.303623750133,3.04562712058473,NA
0,0,9,"Ridge VAR",0,8700,3.82131916979254,2.70694327289109,NA
0,0,9,"OLS GNAR",0,8700,3.83317864841647,2.70938858562425,NA
0,0,9,"Bayesian Gaussian GNAR",0,8700,3.83307119438147,2.7096618741029,0.925675675675676
0,0,10,"Persistence",0,8700,4.303623750133,3.04562712058473,NA
0,0,10,"Ridge VAR",0,8700,3.82131916979254,2.70694327289109,NA
0,0,10,"OLS GNAR",0,8700,3.83317864841647,2.70938858562425,NA
0,0,10,"Bayesian Gaussian GNAR",0,8700,3.83320134300477,2.70934785246378,0.927027027027027
0.1,10,1,"Persistence",0.0971461187214612,6415,4.30553341900996,3.04792158379794,NA
0.1,10,1,"Ridge VAR",0.0971461187214612,6415,3.91565342288471,2.77664829694674,NA
0.1,10,1,"OLS GNAR",0.0971461187214612,6415,3.84571467933002,2.71588498123661,NA
0.1,10,1,"Bayesian Gaussian GNAR",0.0971461187214612,6415,3.84593612770592,2.7158176533801,0.925225225225225
0.1,10,2,"Persistence",0.0939497716894977,6459,4.30350102625263,3.04487685782197,NA
0.1,10,2,"Ridge VAR",0.0939497716894977,6459,3.81255596567288,2.70647315712135,NA
0.1,10,2,"OLS GNAR",0.0939497716894977,6459,3.83398500623593,2.7117803263176,NA
0.1,10,2,"Bayesian Gaussian GNAR",0.0939497716894977,6459,3.83384450821774,2.71176887870939,0.925675675675676
0.1,10,3,"Persistence",0.0976027397260274,6364,4.30373629343184,3.04585683154569,NA
0.1,10,3,"Ridge VAR",0.0976027397260274,6364,3.76380679708884,2.6927124338,NA
0.1,10,3,"OLS GNAR",0.0976027397260274,6364,3.83018399320043,2.71043346798354,NA
0.1,10,3,"Bayesian Gaussian GNAR",0.0976027397260274,6364,3.83040926291275,2.71026785669666,0.91981981981982
0.1,10,4,"Persistence",0.0994292237442922,6332,4.30396508850917,3.04573287117227,NA
0.1,10,4,"Ridge VAR",0.0994292237442922,6332,3.81531831587477,2.69299311722477,NA
0.1,10,4,"OLS GNAR",0.0994292237442922,6332,3.82606479652104,2.70919325222271,NA
0.1,10,4,"Bayesian Gaussian GNAR",0.0994292237442922,6332,3.82617543586796,2.70929905468318,0.924774774774775
0.1,10,5,"Persistence",0.0920091324200913,6509,4.3034387568468,3.04470859580995,NA
0.1,10,5,"Ridge VAR",0.0920091324200913,6509,3.81680316225684,2.68970264343211,NA
0.1,10,5,"OLS GNAR",0.0920091324200913,6509,3.84186877127673,2.70797636712162,NA
0.1,10,5,"Bayesian Gaussian GNAR",0.0920091324200913,6509,3.8425376558959,2.70818524812649,0.920720720720721
0.1,10,6,"Persistence",0.103196347031963,6269,4.30379695633069,3.04633048019434,NA
0.1,10,6,"Ridge VAR",0.103196347031963,6269,3.82192426471231,2.67889134402767,NA
0.1,10,6,"OLS GNAR",0.103196347031963,6269,3.84124628970063,2.70805308450484,NA
0.1,10,6,"Bayesian Gaussian GNAR",0.103196347031963,6269,3.84104022744072,2.70830832404247,0.921171171171171
0.1,10,7,"Persistence",0.0969178082191781,6410,4.30373629343184,3.04585683154569,NA
0.1,10,7,"Ridge VAR",0.0969178082191781,6410,3.78211187720248,2.68839618845485,NA
0.1,10,7,"OLS GNAR",0.0969178082191781,6410,3.8356439850663,2.70980933752718,NA
0.1,10,7,"Bayesian Gaussian GNAR",0.0969178082191781,6410,3.83583778778069,2.70978866804302,0.917567567567568
0.1,10,8,"Persistence",0.102283105022831,6292,4.3032878494302,3.04481841187602,NA
0.1,10,8,"Ridge VAR",0.102283105022831,6292,3.79455632419512,2.68751939985601,NA
0.1,10,8,"OLS GNAR",0.102283105022831,6292,3.83741486403956,2.70690207273144,NA
0.1,10,8,"Bayesian Gaussian GNAR",0.102283105022831,6292,3.83758178915083,2.70702431252012,0.922972972972973
0.1,10,9,"Persistence",0.100114155251142,6323,4.30369895145537,3.04543196292707,NA
0.1,10,9,"Ridge VAR",0.100114155251142,6323,3.78988901381649,2.69067550022426,NA
0.1,10,9,"OLS GNAR",0.100114155251142,6323,3.82732891874363,2.70943908961444,NA
0.1,10,9,"Bayesian Gaussian GNAR",0.100114155251142,6323,3.82726957071067,2.70953910982558,0.924774774774775
0.1,10,10,"Persistence",0.102853881278539,6256,4.30378009924415,3.0450259944586,NA
0.1,10,10,"Ridge VAR",0.102853881278539,6256,3.80460334409667,2.66924028395676,NA
0.1,10,10,"OLS GNAR",0.102853881278539,6256,3.83310838644656,2.70688536495288,NA
0.1,10,10,"Bayesian Gaussian GNAR",0.102853881278539,6256,3.83283868197034,2.70708187159932,0.922072072072072
0.2,20,1,"Persistence",0.196917808219178,4522,4.30229556346225,3.04413044801931,NA
0.2,20,1,"Ridge VAR",0.196917808219178,4522,3.9155460832741,2.77126049404297,NA
0.2,20,1,"OLS GNAR",0.196917808219178,4522,3.83829802152064,2.70751082434871,NA
0.2,20,1,"Bayesian Gaussian GNAR",0.196917808219178,4522,3.83871678932674,2.70750188280612,0.927027027027027
0.2,20,2,"Persistence",0.199086757990868,4441,4.30532107133204,3.04722552523938,NA
0.2,20,2,"Ridge VAR",0.199086757990868,4441,3.90376550768129,2.74635538320314,NA
0.2,20,2,"OLS GNAR",0.199086757990868,4441,3.82869987394318,2.71517402719862,NA
0.2,20,2,"Bayesian Gaussian GNAR",0.199086757990868,4441,3.82866614771532,2.71521114392467,0.92972972972973
0.2,20,3,"Persistence",0.196917808219178,4497,4.30663945980827,3.04691505226641,NA
0.2,20,3,"Ridge VAR",0.196917808219178,4497,3.82239897970517,2.7065676338571,NA
0.2,20,3,"OLS GNAR",0.196917808219178,4497,3.8299005619658,2.7097273780291,NA
0.2,20,3,"Bayesian Gaussian GNAR",0.196917808219178,4497,3.83011943877643,2.70989245324093,0.923423423423423
0.2,20,4,"Persistence",0.19486301369863,4488,4.30161053232503,3.04264256728143,NA
0.2,20,4,"Ridge VAR",0.19486301369863,4488,3.66089929142855,2.5825210205314,NA
0.2,20,4,"OLS GNAR",0.19486301369863,4488,3.84072301755892,2.7008922165726,NA
0.2,20,4,"Bayesian Gaussian GNAR",0.19486301369863,4488,3.84057010281578,2.70108891936768,0.912612612612613
0.2,20,5,"Persistence",0.202283105022831,4364,4.30462324550631,3.04764519490905,NA
0.2,20,5,"Ridge VAR",0.202283105022831,4364,3.83990871205791,2.7399072196528,NA
0.2,20,5,"OLS GNAR",0.202283105022831,4364,3.82700416248768,2.70654192352491,NA
0.2,20,5,"Bayesian Gaussian GNAR",0.202283105022831,4364,3.82732499492634,2.70636979934963,0.914414414414414
0.2,20,6,"Persistence",0.192351598173516,4555,4.30349796604945,3.04482730827242,NA
0.2,20,6,"Ridge VAR",0.192351598173516,4555,3.88205023639433,2.72458901573065,NA
0.2,20,6,"OLS GNAR",0.192351598173516,4555,3.82727965373128,2.71187227082961,NA
0.2,20,6,"Bayesian Gaussian GNAR",0.192351598173516,4555,3.82729174561642,2.71199975831732,0.924774774774775
0.2,20,7,"Persistence",0.197146118721461,4497,4.30325371001364,3.04350289010425,NA
0.2,20,7,"Ridge VAR",0.197146118721461,4497,3.88565546825785,2.76361085165847,NA
0.2,20,7,"OLS GNAR",0.197146118721461,4497,3.84238054558597,2.71585032034528,NA
0.2,20,7,"Bayesian Gaussian GNAR",0.197146118721461,4497,3.84227544579657,2.71562064953592,0.926576576576577
0.2,20,8,"Persistence",0.19703196347032,4526,4.30329775024671,3.04488031127542,NA
0.2,20,8,"Ridge VAR",0.19703196347032,4526,3.81735833830104,2.73422471281957,NA
0.2,20,8,"OLS GNAR",0.19703196347032,4526,3.82487207673644,2.71078259798622,NA
0.2,20,8,"Bayesian Gaussian GNAR",0.19703196347032,4526,3.82461159936246,2.71110451936977,0.930630630630631
0.2,20,9,"Persistence",0.198401826484018,4497,4.30457292585556,3.04601325046461,NA
0.2,20,9,"Ridge VAR",0.198401826484018,4497,3.80888025655313,2.70586315411991,NA
0.2,20,9,"OLS GNAR",0.198401826484018,4497,3.82833680881427,2.71224369808179,NA
0.2,20,9,"Bayesian Gaussian GNAR",0.198401826484018,4497,3.82827718459148,2.71247944196037,0.922522522522523
0.2,20,10,"Persistence",0.203995433789954,4363,4.30309156650187,3.04440369716131,NA
0.2,20,10,"Ridge VAR",0.203995433789954,4363,3.76336244833265,2.63658185776973,NA
0.2,20,10,"OLS GNAR",0.203995433789954,4363,3.84993524195639,2.70787169297122,NA
0.2,20,10,"Bayesian Gaussian GNAR",0.203995433789954,4363,3.84975427215408,2.70793184362035,0.927027027027027
0.3,30,1,"Persistence",0.296689497716895,3029,4.30273000749323,3.04383525282411,NA
0.3,30,1,"Ridge VAR",0.296689497716895,3029,3.96229186998368,2.74678746707434,NA
0.3,30,1,"OLS GNAR",0.296689497716895,3029,3.8315943286889,2.71193529103182,NA
0.3,30,1,"Bayesian Gaussian GNAR",0.296689497716895,3029,3.83135920783227,2.71215361232841,0.92027027027027
0.3,30,2,"Persistence",0.288584474885845,3125,4.3062932743222,3.04875446668083,NA
0.3,30,2,"Ridge VAR",0.288584474885845,3125,3.90846081159183,2.7634349673024,NA
0.3,30,2,"OLS GNAR",0.288584474885845,3125,3.86757655889339,2.71570805200904,NA
0.3,30,2,"Bayesian Gaussian GNAR",0.288584474885845,3125,3.86799575745761,2.71591646899499,0.920720720720721
0.3,30,3,"Persistence",0.29703196347032,3008,4.30526017655081,3.04691144866281,NA
0.3,30,3,"Ridge VAR",0.29703196347032,3008,3.80285488045696,2.71527332611722,NA
0.3,30,3,"OLS GNAR",0.29703196347032,3008,3.83565595485749,2.7107390552466,NA
0.3,30,3,"Bayesian Gaussian GNAR",0.29703196347032,3008,3.83588803787005,2.71111009501331,0.915765765765766
0.3,30,4,"Persistence",0.299315068493151,2958,4.30387570885974,3.04543130602016,NA
0.3,30,4,"Ridge VAR",0.299315068493151,2958,3.854300598149,2.71376420795569,NA
0.3,30,4,"OLS GNAR",0.299315068493151,2958,3.85630292935321,2.70539005608983,NA
0.3,30,4,"Bayesian Gaussian GNAR",0.299315068493151,2958,3.85672776490993,2.7053303093792,0.918468468468468
0.3,30,5,"Persistence",0.290182648401827,3066,4.30988814672809,3.04898131383077,NA
0.3,30,5,"Ridge VAR",0.290182648401827,3066,3.89281017180114,2.80863162177458,NA
0.3,30,5,"OLS GNAR",0.290182648401827,3066,3.8221697564836,2.72052369899703,NA
0.3,30,5,"Bayesian Gaussian GNAR",0.290182648401827,3066,3.82161294051014,2.72036194833861,0.926576576576577
0.3,30,6,"Persistence",0.297716894977169,2999,4.3063539453652,3.04717057028443,NA
0.3,30,6,"Ridge VAR",0.297716894977169,2999,3.87548790190685,2.75822560393921,NA
0.3,30,6,"OLS GNAR",0.297716894977169,2999,3.83401855090187,2.71525911843567,NA
0.3,30,6,"Bayesian Gaussian GNAR",0.297716894977169,2999,3.83378454853177,2.71538738118208,0.931081081081081
0.3,30,7,"Persistence",0.307648401826484,2861,4.30259563308411,3.04442276623038,NA
0.3,30,7,"Ridge VAR",0.307648401826484,2861,3.804235316391,2.70598249838862,NA
0.3,30,7,"OLS GNAR",0.307648401826484,2861,3.85161643186647,2.72436573369026,NA
0.3,30,7,"Bayesian Gaussian GNAR",0.307648401826484,2861,3.85220737824191,2.72410648238612,0.934684684684685
0.3,30,8,"Persistence",0.302625570776256,2916,4.31431835030577,3.0512756941583,NA
0.3,30,8,"Ridge VAR",0.302625570776256,2916,3.86282504572012,2.764596212031,NA
0.3,30,8,"OLS GNAR",0.302625570776256,2916,3.83870407654957,2.71492192648611,NA
0.3,30,8,"Bayesian Gaussian GNAR",0.302625570776256,2916,3.83887535251349,2.71486954700594,0.922072072072072
0.3,30,9,"Persistence",0.294063926940639,3045,4.30115300257999,3.04281235737431,NA
0.3,30,9,"Ridge VAR",0.294063926940639,3045,3.8561079152598,2.71305693603767,NA
0.3,30,9,"OLS GNAR",0.294063926940639,3045,3.83612684404852,2.71181176901822,NA
0.3,30,9,"Bayesian Gaussian GNAR",0.294063926940639,3045,3.83561896355424,2.71187851055183,0.922972972972973
0.3,30,10,"Persistence",0.296461187214612,2968,4.30595559549059,3.04836184280695,NA
0.3,30,10,"Ridge VAR",0.296461187214612,2968,3.93674757154846,2.74701406773359,NA
0.3,30,10,"OLS GNAR",0.296461187214612,2968,3.82321221827412,2.72156106100529,NA
0.3,30,10,"Bayesian Gaussian GNAR",0.296461187214612,2968,3.82317159646747,2.72161314235059,0.925225225225225
0.4,40,1,"Persistence",0.403196347031963,1853,4.31194469261773,3.05315624971386,NA
0.4,40,1,"Ridge VAR",0.403196347031963,1853,3.97834021077967,2.84601998423104,NA
0.4,40,1,"OLS GNAR",0.403196347031963,1853,3.85768789475103,2.70667123036301,NA
0.4,40,1,"Bayesian Gaussian GNAR",0.403196347031963,1853,3.85760726398336,2.7069345438088,0.920720720720721
0.4,40,2,"Persistence",0.398287671232877,1872,4.31049406308643,3.05244345186166,NA
0.4,40,2,"Ridge VAR",0.398287671232877,1872,3.87432977194641,2.7594769403504,NA
0.4,40,2,"OLS GNAR",0.398287671232877,1872,3.84267261093377,2.72037125843417,NA
0.4,40,2,"Bayesian Gaussian GNAR",0.398287671232877,1872,3.84278138129806,2.71989545119017,0.924324324324324
0.4,40,3,"Persistence",0.39783105022831,1825,4.3056255804597,3.04731706297277,NA
0.4,40,3,"Ridge VAR",0.39783105022831,1825,3.89190054818531,2.74978133921067,NA
0.4,40,3,"OLS GNAR",0.39783105022831,1825,3.84951749629579,2.71863217765786,NA
0.4,40,3,"Bayesian Gaussian GNAR",0.39783105022831,1825,3.85002016072166,2.7186275554198,0.925675675675676
0.4,40,4,"Persistence",0.389954337899543,1952,4.30305187711124,3.04510499220635,NA
0.4,40,4,"Ridge VAR",0.389954337899543,1952,3.92437433155124,2.7844149112463,NA
0.4,40,4,"OLS GNAR",0.389954337899543,1952,3.81687819117225,2.73201881553036,NA
0.4,40,4,"Bayesian Gaussian GNAR",0.389954337899543,1952,3.81695590115969,2.73202959448486,0.922072072072072
0.4,40,5,"Persistence",0.399315068493151,1921,4.31254279143717,3.05526021237217,NA
0.4,40,5,"Ridge VAR",0.399315068493151,1921,3.92960485211704,2.76719357843524,NA
0.4,40,5,"OLS GNAR",0.399315068493151,1921,3.83277569861347,2.72115138323268,NA
0.4,40,5,"Bayesian Gaussian GNAR",0.399315068493151,1921,3.83267147098077,2.72180347306509,0.918018018018018
0.4,40,6,"Persistence",0.396004566210046,1956,4.30787813452016,3.04932789255235,NA
0.4,40,6,"Ridge VAR",0.396004566210046,1956,3.91627356879466,2.74115546029788,NA
0.4,40,6,"OLS GNAR",0.396004566210046,1956,3.83244307132014,2.71905655541804,NA
0.4,40,6,"Bayesian Gaussian GNAR",0.396004566210046,1956,3.83219924998627,2.71933541156436,0.917117117117117
0.4,40,7,"Persistence",0.397716894977169,1923,4.30566738543551,3.04901580546526,NA
0.4,40,7,"Ridge VAR",0.397716894977169,1923,3.90038947117801,2.81129735430061,NA
0.4,40,7,"OLS GNAR",0.397716894977169,1923,3.87037441114624,2.70646743408494,NA
0.4,40,7,"Bayesian Gaussian GNAR",0.397716894977169,1923,3.87010518066035,2.70677817145587,0.916666666666667
0.4,40,8,"Persistence",0.405365296803653,1824,4.30478505603985,3.04478246968383,NA
0.4,40,8,"Ridge VAR",0.405365296803653,1824,3.90905566041099,2.79589458882757,NA
0.4,40,8,"OLS GNAR",0.405365296803653,1824,3.84767919417678,2.72119251993773,NA
0.4,40,8,"Bayesian Gaussian GNAR",0.405365296803653,1824,3.84686656969633,2.72069800301371,0.931531531531532
0.4,40,9,"Persistence",0.393949771689498,1985,4.30432057859822,3.0460714997465,NA
0.4,40,9,"Ridge VAR",0.393949771689498,1985,3.96416886387206,2.85629289953022,NA
0.4,40,9,"OLS GNAR",0.393949771689498,1985,3.8326874364349,2.71694192997923,NA
0.4,40,9,"Bayesian Gaussian GNAR",0.393949771689498,1985,3.8329256175027,2.71688940187361,0.927477477477477
0.4,40,10,"Persistence",0.386643835616438,2001,4.30722157076116,3.0474527399541,NA
0.4,40,10,"Ridge VAR",0.386643835616438,2001,3.86562026999326,2.7474389261624,NA
0.4,40,10,"OLS GNAR",0.386643835616438,2001,3.83297097705711,2.72566039113147,NA
0.4,40,10,"Bayesian Gaussian GNAR",0.386643835616438,2001,3.83387313373181,2.72558697858612,0.929279279279279
0.5,50,1,"Persistence",0.491666666666667,1147,4.30460516606399,3.04767225947362,NA
0.5,50,1,"Ridge VAR",0.491666666666667,1147,3.8726261143951,2.79523677626019,NA
0.5,50,1,"OLS GNAR",0.491666666666667,1147,3.87610850718121,2.71511758153484,NA
0.5,50,1,"Bayesian Gaussian GNAR",0.491666666666667,1147,3.87648105743103,2.71463985633323,0.916216216216216
0.5,50,2,"Persistence",0.498972602739726,1056,4.30709467944359,3.04985857948929,NA
0.5,50,2,"Ridge VAR",0.498972602739726,1056,3.98102522950842,2.82270670355067,NA
0.5,50,2,"OLS GNAR",0.498972602739726,1056,3.8917404136468,2.72877222746171,NA
0.5,50,2,"Bayesian Gaussian GNAR",0.498972602739726,1056,3.89393668512835,2.72918540038728,0.918918918918919
0.5,50,3,"Persistence",0.493036529680365,1168,4.30502540211646,3.04724901033162,NA
0.5,50,3,"Ridge VAR",0.493036529680365,1168,3.95865475937996,2.84435939509794,NA
0.5,50,3,"OLS GNAR",0.493036529680365,1168,3.85034872611532,2.70719372992915,NA
0.5,50,3,"Bayesian Gaussian GNAR",0.493036529680365,1168,3.84969491555585,2.70717525957017,0.915315315315315
0.5,50,4,"Persistence",0.497260273972603,1054,4.31183071206451,3.05506421746422,NA
0.5,50,4,"Ridge VAR",0.497260273972603,1054,3.90357840894606,2.80709119905513,NA
0.5,50,4,"OLS GNAR",0.497260273972603,1054,3.8635601811379,2.72798185631216,NA
0.5,50,4,"Bayesian Gaussian GNAR",0.497260273972603,1054,3.86326054179397,2.72830677055505,0.927477477477477
0.5,50,5,"Persistence",0.491438356164384,1157,4.30371142435622,3.04634533363474,NA
0.5,50,5,"Ridge VAR",0.491438356164384,1157,3.96231746815324,2.79950054603971,NA
0.5,50,5,"OLS GNAR",0.491438356164384,1157,3.87050930670152,2.70778409978519,NA
0.5,50,5,"Bayesian Gaussian GNAR",0.491438356164384,1157,3.87063045246539,2.70759941591524,0.91981981981982
0.5,50,6,"Persistence",0.508904109589041,1023,4.30408054188903,3.04450130012141,NA
0.5,50,6,"Ridge VAR",0.508904109589041,1023,3.87129250778678,2.7404436895202,NA
0.5,50,6,"OLS GNAR",0.508904109589041,1023,3.84782335459877,2.70764432517683,NA
0.5,50,6,"Bayesian Gaussian GNAR",0.508904109589041,1023,3.8486349908025,2.70711244500956,0.914414414414414
0.5,50,7,"Persistence",0.491780821917808,1095,4.31383892920827,3.05623573544959,NA
0.5,50,7,"Ridge VAR",0.491780821917808,1095,3.88977515148287,2.79118139408661,NA
0.5,50,7,"OLS GNAR",0.491780821917808,1095,3.94413252608962,2.742039993488,NA
0.5,50,7,"Bayesian Gaussian GNAR",0.491780821917808,1095,3.94404561755995,2.74193337598921,0.914414414414414
0.5,50,8,"Persistence",0.488127853881279,1113,4.30380228464142,3.04550807809503,NA
0.5,50,8,"Ridge VAR",0.488127853881279,1113,4.00632380132353,2.83629449663175,NA
0.5,50,8,"OLS GNAR",0.488127853881279,1113,3.82616858606003,2.71828359729622,NA
0.5,50,8,"Bayesian Gaussian GNAR",0.488127853881279,1113,3.8255763431445,2.71760469590851,0.931531531531532
0.5,50,9,"Persistence",0.49486301369863,1147,4.31348354941343,3.05562805902317,NA
0.5,50,9,"Ridge VAR",0.49486301369863,1147,3.96344505339037,2.80914632184367,NA
0.5,50,9,"OLS GNAR",0.49486301369863,1147,3.89852261987508,2.74541957954286,NA
0.5,50,9,"Bayesian Gaussian GNAR",0.49486301369863,1147,3.89842561369101,2.74533843335943,0.914414414414414
0.5,50,10,"Persistence",0.506849315068493,1042,4.30623229208403,3.04695073169584,NA
0.5,50,10,"Ridge VAR",0.506849315068493,1042,4.04575711707056,2.89061142952699,NA
0.5,50,10,"OLS GNAR",0.506849315068493,1042,3.86964614538283,2.71348333687019,NA
0.5,50,10,"Bayesian Gaussian GNAR",0.506849315068493,1042,3.86691939928926,2.71330151814972,0.935135135135135
0.6,60,1,"Persistence",0.586073059360731,594,4.30999935290677,3.0508941463061,NA
0.6,60,1,"Ridge VAR",0.586073059360731,594,3.93222213031042,2.80948672340957,NA
0.6,60,1,"OLS GNAR",0.586073059360731,594,3.83352464542924,2.71795379212679,NA
0.6,60,1,"Bayesian Gaussian GNAR",0.586073059360731,594,3.83310668847078,2.71716215077179,0.895045045045045
0.6,60,2,"Persistence",0.595319634703196,576,4.31218394658006,3.05474544426555,NA
0.6,60,2,"Ridge VAR",0.595319634703196,576,4.05133071458897,2.88949541878815,NA
0.6,60,2,"OLS GNAR",0.595319634703196,576,3.9025659005006,2.71640239103384,NA
0.6,60,2,"Bayesian Gaussian GNAR",0.595319634703196,576,3.9027883732681,2.71566688903126,0.913063063063063
0.6,60,3,"Persistence",0.60216894977169,504,4.30988235939377,3.05212767758583,NA
0.6,60,3,"Ridge VAR",0.60216894977169,504,4.0470342993311,2.89419378709853,NA
0.6,60,3,"OLS GNAR",0.60216894977169,504,3.82268160488205,2.75611153415296,NA
0.6,60,3,"Bayesian Gaussian GNAR",0.60216894977169,504,3.82297060894031,2.75654886257618,0.945045045045045
0.6,60,4,"Persistence",0.592922374429224,538,4.31036096359784,3.0528473399112,NA
0.6,60,4,"Ridge VAR",0.592922374429224,538,4.02237611588137,2.87717938768712,NA
0.6,60,4,"OLS GNAR",0.592922374429224,538,3.85820441697556,2.7190897819313,NA
0.6,60,4,"Bayesian Gaussian GNAR",0.592922374429224,538,3.85690770251049,2.7197678450506,0.926126126126126
0.6,60,5,"Persistence",0.600799086757991,542,4.30733473516958,3.04949322418833,NA
0.6,60,5,"Ridge VAR",0.600799086757991,542,3.96485961924128,2.8290853160786,NA
0.6,60,5,"OLS GNAR",0.600799086757991,542,3.88823882505045,2.73197677187306,NA
0.6,60,5,"Bayesian Gaussian GNAR",0.600799086757991,542,3.88747598881771,2.73208281218199,0.934684684684685
0.6,60,6,"Persistence",0.599315068493151,509,4.30683292805421,3.04944673394809,NA
0.6,60,6,"Ridge VAR",0.599315068493151,509,3.9366076229567,2.84319511761227,NA
0.6,60,6,"OLS GNAR",0.599315068493151,509,3.86201723993814,2.76195074712232,NA
0.6,60,6,"Bayesian Gaussian GNAR",0.599315068493151,509,3.86302669252189,2.76130180392014,0.914864864864865
0.6,60,7,"Persistence",0.594520547945205,578,4.31564187172293,3.0526752939522,NA
0.6,60,7,"Ridge VAR",0.594520547945205,578,3.96010114988416,2.84604040839847,NA
0.6,60,7,"OLS GNAR",0.594520547945205,578,3.8767895179949,2.7174440369985,NA
0.6,60,7,"Bayesian Gaussian GNAR",0.594520547945205,578,3.87734961293905,2.71754755118951,0.903603603603604
0.6,60,8,"Persistence",0.604908675799087,517,4.31586391649512,3.05812685782197,NA
0.6,60,8,"Ridge VAR",0.604908675799087,517,3.96894044959054,2.81430308102319,NA
0.6,60,8,"OLS GNAR",0.604908675799087,517,3.97814371780821,2.72848948289716,NA
0.6,60,8,"Bayesian Gaussian GNAR",0.604908675799087,517,3.97855972034574,2.72915548542297,0.915315315315315
0.6,60,9,"Persistence",0.58972602739726,610,4.30618239263871,3.04746150496911,NA
0.6,60,9,"Ridge VAR",0.58972602739726,610,3.92646405699389,2.80736189869157,NA
0.6,60,9,"OLS GNAR",0.58972602739726,610,3.82747111106667,2.72137752666153,NA
0.6,60,9,"Bayesian Gaussian GNAR",0.58972602739726,610,3.827474239541,2.72227628848709,0.934684684684685
0.6,60,10,"Persistence",0.588698630136986,585,4.30964731202682,3.05314497749443,NA
0.6,60,10,"Ridge VAR",0.588698630136986,585,4.01291843173592,2.84399071456562,NA
0.6,60,10,"OLS GNAR",0.588698630136986,585,3.8578690754858,2.72690001521547,NA
0.6,60,10,"Bayesian Gaussian GNAR",0.588698630136986,585,3.8579412269525,2.72744191308489,0.906756756756757
